<?xml version="1.0" encoding="utf-8"?>
<SoundBanksInfo Platform="Windows" BasePlatform="Windows" SchemaVersion="12" SoundbankVersion="140">
	<RootPaths>
		<ProjectRoot>D:\GitHub Unity\TSDV\SummerLab 2022\Gil_Laburante_The_Game\Gil_Laburante_The_Game_WwiseProject\</ProjectRoot>
		<SourceFilesRoot>D:\GitHub Unity\TSDV\SummerLab 2022\Gil_Laburante_The_Game\Gil_Laburante_The_Game_WwiseProject\.cache\Windows\</SourceFilesRoot>
		<SoundBanksRoot>D:\GitHub Unity\TSDV\SummerLab 2022\Gil_Laburante_The_Game\Gil_Laburante_The_Game_WwiseProject\GeneratedSoundBanks\Windows\</SoundBanksRoot>
		<ExternalSourcesInputFile></ExternalSourcesInputFile>
		<ExternalSourcesOutputRoot>D:\GitHub Unity\TSDV\SummerLab 2022\Gil_Laburante_The_Game\Gil_Laburante_The_Game_WwiseProject\GeneratedSoundBanks\Windows</ExternalSourcesOutputRoot>
	</RootPaths>
	<DialogueEvents/>
	<StreamedFiles/>
	<MediaFilesNotInAnyBank/>
	<SoundBanks>
		<SoundBank Id="1355168291" Language="SFX" Hash="3690994985">
			<ObjectPath>Init</ObjectPath>
			<ShortName>Init</ShortName>
			<Path>Init.bnk</Path>
		</SoundBank>
	</SoundBanks>
</SoundBanksInfo>
