<?xml version="1.0" encoding="utf-8"?>
<SoundBanksInfo Platform="Mac" BasePlatform="Mac" SchemaVersion="12" SoundbankVersion="140">
	<RootPaths>
		<ProjectRoot>D:\GitHub Unity\TSDV\SummerLab 2022\Gil_Laburante_The_Game\Gil_Laburante_The_Game_WwiseProject\</ProjectRoot>
		<SourceFilesRoot>D:\GitHub Unity\TSDV\SummerLab 2022\Gil_Laburante_The_Game\Gil_Laburante_The_Game_WwiseProject\.cache\Mac\</SourceFilesRoot>
		<SoundBanksRoot>D:\GitHub Unity\TSDV\SummerLab 2022\Gil_Laburante_The_Game\Gil_Laburante_The_Game_WwiseProject\GeneratedSoundBanks\Mac\</SoundBanksRoot>
		<ExternalSourcesInputFile></ExternalSourcesInputFile>
		<ExternalSourcesOutputRoot>D:\GitHub Unity\TSDV\SummerLab 2022\Gil_Laburante_The_Game\Gil_Laburante_The_Game_WwiseProject\GeneratedSoundBanks\Mac</ExternalSourcesOutputRoot>
	</RootPaths>
	<DialogueEvents/>
	<StreamedFiles/>
	<MediaFilesNotInAnyBank/>
	<SoundBanks>
		<SoundBank Id="1355168291" Language="SFX" Hash="2754342975">
			<ObjectPath>Init</ObjectPath>
			<ShortName>Init</ShortName>
			<Path>Init.bnk</Path>
		</SoundBank>
	</SoundBanks>
</SoundBanksInfo>
